feature,importance,rank
goes_ordinal_lag1,0.30810003280213627,1
cumulative_index,0.00930576085364263,2
cumulative_index_delta1,0.005817166583786526,3
goes_flux_lag1,0.00014977946097138872,4
cumulative_index_roll6_std,6.0040821321671875e-05,5
sunspot_number_roll24_std,2.8668785493213277e-05,6
cumulative_index_delta6,2.436563738887898e-05,7
goes_flux_roll24_std,2.1235267972552486e-05,8
xray_flux_short_lag3,1.9344260732112593e-05,9
xray_flux_short_delta1,1.868389723151953e-05,10
xray_flux_short_roll6_std,1.417277183106691e-05,11
cumulative_index_roll12_mean,1.1345799395789946e-05,12
xray_flux_short_delta24,1.0667931690488963e-05,13
xray_flux_short_roll12_mean,7.836968810726041e-06,14
xray_flux_short_lag1,6.846681668903898e-06,15
magnetic_field_roll24_std,6.566955782583151e-06,16
cumulative_index_roll6_mean,6.398253858397318e-06,17
magnetic_field_lag12,6.0073742623734105e-06,18
magnetic_field_delta6,5.762034896217294e-06,19
log_xray_flux_delta1,5.68794187698618e-06,20
cumulative_index_roll24_std,5.092977971354884e-06,21
sunspot_number_delta24,4.88581236628427e-06,22
log_xray_flux_roll12_std,4.226504066129344e-06,23
sunspot_number,4.0485478079776985e-06,24
doy_sin,4.023119657925456e-06,25
cumulative_index_lag24,3.499818783159192e-06,26
xray_flux_short_delta6,3.132066396149824e-06,27
goes_flux_roll24_max,2.9283242181987744e-06,28
log_xray_flux_roll24_std,2.5591537167413137e-06,29
xray_flux_short_lag6,2.379971213373189e-06,30
goes_flux_lag12,2.0859536381534483e-06,31
goes_flux_roll12_max,2.0802460189983663e-06,32
log_xray_flux_roll12_mean,1.6569846953640167e-06,33
xray_flux_short_roll6_max,1.1971040927871712e-06,34
hour_cos,9.436869267354097e-07,35
magnetic_field_lag1,9.061694566714351e-07,36
magnetic_field_roll24_mean,7.143484038518722e-07,37
doy_cos,6.998502345867407e-07,38
goes_flux_roll6_mean,6.875423737895403e-07,39
cumulative_index_lag12,6.468160825168212e-07,40
magnetic_field_roll6_mean,4.352978913768624e-07,41
hour_sin,4.10625781666063e-07,42
log_xray_flux_roll6_mean,3.8706766942731007e-07,43
sunspot_number_roll6_max,3.235964582959383e-07,44
goes_flux_roll6_std,3.1011302150663054e-07,45
magnetic_field_roll12_mean,1.3542706154279215e-07,46
cumulative_index_roll12_max,1.0725317427517922e-07,47
sunspot_number_delta6,5.637961484339371e-08,48
goes_flux_lag6,1.422779836168786e-08,49
sunspot_number_roll6_std,1.3548285848763442e-08,50
log_xray_flux_roll24_max,0.0,51
xray_flux_short_roll12_max,0.0,52
xray_flux_short_roll12_std,0.0,53
cumulative_index_roll6_max,0.0,54
log_xray_flux_roll6_max,0.0,55
sunspot_number_delta1,0.0,56
sunspot_number_roll12_mean,0.0,57
cumulative_index_roll24_mean,0.0,58
solar_cycle_cos,0.0,59
goes_ordinal_lag12,0.0,60
log_xray_flux_lag24,0.0,61
solar_cycle_sin,0.0,62
log_xray_flux,0.0,63
log_cumulative,0.0,64
solar_cycle_month,0.0,65
sunspot_number_lag1,0.0,66
goes_ordinal_lag3,0.0,67
goes_ordinal_lag6,0.0,68
log_xray_flux_lag1,0.0,69
log_xray_flux_lag3,0.0,70
log_xray_flux_lag6,0.0,71
log_xray_flux_lag12,0.0,72
magnetic_field_roll6_max,0.0,73
log_goes_flux_lag24,0.0,74
log_goes_flux_lag1,0.0,75
log_goes_flux_lag3,0.0,76
log_goes_flux_lag6,0.0,77
log_xray_flux_roll12_max,0.0,78
log_goes_flux_lag12,0.0,79
sunspot_number_roll6_mean,-3.2022987328517163e-08,80
goes_flux_lag3,-8.595467329008955e-08,81
sunspot_number_lag6,-1.1795122685231974e-07,82
goes_flux_roll12_mean,-2.3787956338061633e-07,83
sunspot_number_roll24_max,-2.7873682850731996e-07,84
sunspot_number_lag3,-2.977862133324294e-07,85
xray_flux_short_roll6_mean,-3.4053630719732554e-07,86
goes_flux_roll12_std,-3.9813850700731733e-07,87
magnetic_field_delta24,-5.225997724789266e-07,88
sunspot_number_roll12_max,-6.436963650324756e-07,89
magnetic_field_delta1,-7.113320616758401e-07,90
magnetic_field_roll6_std,-7.881776989737688e-07,91
log_xray_flux_delta24,-8.127813806435569e-07,92
magnetic_field_lag3,-8.758907741990285e-07,93
cumulative_index_roll24_max,-1.071573267141801e-06,94
xray_flux_short_roll24_max,-1.2249525520369175e-06,95
magnetic_field,-1.2259463709085594e-06,96
log_xray_flux_delta6,-1.2279960509120614e-06,97
sunspot_number_lag24,-1.2704045828870748e-06,98
goes_ordinal_lag24,-2.0510366963044648e-06,99
goes_flux_roll6_max,-2.2313704388654543e-06,100
magnetic_field_lag24,-2.3150236394320344e-06,101
xray_flux_short_roll24_std,-2.765051083897241e-06,102
magnetic_field_roll24_max,-2.8001597852433945e-06,103
magnetic_field_lag6,-2.95676586499205e-06,104
magnetic_field_roll12_std,-3.3104059870892043e-06,105
goes_flux_lag24,-4.093007042915708e-06,106
cumulative_index_lag1,-4.930548400250423e-06,107
cumulative_index_roll12_std,-5.460031114057351e-06,108
magnetic_field_roll12_max,-6.906276653984023e-06,109
sunspot_number_roll12_std,-6.918868538585699e-06,110
goes_flux_roll24_mean,-7.735079642046116e-06,111
log_xray_flux_roll24_mean,-8.730309546556291e-06,112
cumulative_index_delta24,-9.493705844421108e-06,113
xray_flux_short_lag12,-1.1682003778168416e-05,114
cumulative_index_lag3,-1.1913368866234286e-05,115
xray_flux_short_roll24_mean,-1.2606583587682075e-05,116
sunspot_number_lag12,-1.3216868035903495e-05,117
xray_flux_short,-1.374184428555303e-05,118
cumulative_index_lag6,-2.3380101607739512e-05,119
xray_flux_short_lag24,-3.6767931777692556e-05,120
sunspot_number_roll24_mean,-6.653823702726936e-05,121
log_xray_flux_roll6_std,-8.334463387391633e-05,122
